{
  "topo": {
    "min": 0.00028869841480627656,
    "max": 1.714142918586731
  },
  "uplift_rate": {
    "min": 0.0005083658033981919,
    "max": 0.0014979831175878644
  },
  "k_f": {
    "min": 1.9999999949504854e-06,
    "max": 1.9999999949504854e-06
  },
  "k_d": {
    "min": 0.20000000298023224,
    "max": 0.20000000298023224
  }
}