{
  "topo": {
    "min": 0.0052689798176288605,
    "max": 1.7029047012329102
  },
  "uplift_rate": {
    "min": 0.0005058739334344864,
    "max": 0.0014983791625127196
  },
  "k_f": {
    "min": 1.9999999949504854e-06,
    "max": 1.9999999949504854e-06
  },
  "k_d": {
    "min": 0.3634759783744812,
    "max": 0.3634759783744812
  }
}