{
  "topo": {
    "min": 0.0010565443662926555,
    "max": 1.6895042657852173
  },
  "uplift_rate": {
    "min": 0.0005024274578318,
    "max": 0.0014981476124376059
  },
  "k_f": {
    "min": 1.9999999949504854e-06,
    "max": 1.9999999949504854e-06
  },
  "k_d": {
    "min": 0.3982079327106476,
    "max": 0.3982079327106476
  }
}